[
  {
      "name": "Calcium, Ca",
      "rda": 1000000,
      "wiki": "https://en.wikipedia.org/wiki/Calcium",
      "required": true,
      "type": "Minerals",
      "tui": 2500000
  },
  {
      "name": "Ash",
      "rda": 2300000,
      "wiki": "https://en.wikipedia.org/wiki/Ash",
      "required": true,
      "type": "Minerals",
      "tui": 15000000
  },
  {
      "name": "Fiber, total dietary",
      "rda": 35,
      "wiki": "https://en.wikipedia.org/wiki/Fiber",
      "required": true,
      "type": "Minerals",
      "tui": 200
  },
  {
      "name": "Copper, Cu",
      "rda": 900,
      "wiki": "https://en.wikipedia.org/wiki/Copper#Biological_role",
      "required": true,
      "type": "Minerals",
      "tui": 10000
  },
  {
      "name": "Fluoride, F",
      "rda": 150,
      "wiki": "https://en.wikipedia.org/wiki/Fluoride",
      "required": true,
      "type": "Minerals",
      "tui": 1100
  },

  {
      "name": "Magnesium, Mg",
      "rda": 380000,
      "wiki": "https://en.wikipedia.org/wiki/Magnesium#Biological_roles",
      "required": true,
      "type": "Minerals",
      "tui": 400000
  },
  {
      "name": "Manganese, Mn",
      "rda": 2300,
      "wiki": "https://en.wikipedia.org/wiki/Manganese#Biological_role",
      "required": true,
      "type": "Minerals",
      "tui": 9000
  },

  {
      "name": "Phosphorus, P",
      "rda": 4700000,
      "wiki": "https://en.wikipedia.org/wiki/Phosphorus",
      "required": true,
      "type": "Minerals"
  },
  {
      "name": "Potassium, K",
      "rda": 55,
      "wiki": "https://en.wikipedia.org/wiki/Potassium#Biological_role",
      "required": true,
      "type": "Minerals",
      "tui": 400
  },
  {
      "name": "Sodium, Na",
      "rda": 1500000,
      "wiki": "https://en.wikipedia.org/wiki/Sodium#Biological_role",
      "required": true,
      "type": "Minerals",
      "tui": 2300000
  },
  {
      "name": "Zinc, Zn",
      "rda": 8000,
      "wiki": "https://en.wikipedia.org/wiki/Zinc#Biological_role",
      "required": true,
      "type": "Minerals",
      "tui": 40000
  },
  {
      "name": "Selenium, Se",
      "rda": 8000,
      "wiki": "https://en.wikipedia.org/wiki/Selenium#Biological_role",
      "required": true,
      "type": "Minerals",
      "tui": 40000
  },
  {
      "name": "Iron, Fe",
      "rda": 8000,
      "wiki": "https://en.wikipedia.org/wiki/Iron",
      "required": true,
      "type": "Minerals",
      "tui": 40000
  },
  {
      "name": "Isoleucine",
      "rda": 19,
      "wiki": "https://en.wikipedia.org/wiki/Isoleucine",
      "required": true,
      "type": "Essential Amino Acids",
      "tui": 10000000
  },
  {
      "name": "Histidine",
      "rda": 1120000,
      "wiki": "https://en.wikipedia.org/wiki/Histidine",
      "required": true,
      "type": "Essential Amino Acids"
  },
  {
      "name": "Leucine",
      "rda": 3360000,
      "wiki": "https://en.wikipedia.org/wiki/Leucine",
      "required": true,
      "type": "Essential Amino Acids",
      "tui": 5000000
  },
  {
      "name": "Lysine",
      "rda": 3040000,
      "wiki": "https://en.wikipedia.org/wiki/Lysine",
      "required": true,
      "type": "Essential Amino Acids",
      "tui": 9000000
  },
  {
      "name": "Methionine",
      "rda": 1520000,
      "wiki": "https://en.wikipedia.org/wiki/Methionine",
      "required": true,
      "type": "Essential Amino Acids"
  },
  {
      "name": "Phenylalanine",
      "rda": 2640000,
      "wiki": "https://en.wikipedia.org/wiki/Phenylalanine",
      "required": true,
      "type": "Essential Amino Acids",
      "tui": 4000000
  },
  {
      "name": "Tryptophan",
      "rda": 400000,
      "wiki": "https://en.wikipedia.org/wiki/Tryptophan",
      "required": true,
      "type": "Essential Amino Acids",
      "tui": 1000000
  },
  {
      "name": "Threonine",
      "rda": 1600000,
      "wiki": "https://en.wikipedia.org/wiki/Threonine",
      "required": true,
      "type": "Essential Amino Acids",
      "tui": 3000000
  },
  {
      "name": "Valine",
      "rda": 1920000,
      "wiki": "https://en.wikipedia.org/wiki/Valine",
      "required": true,
      "type": "Essential Amino Acids",
      "tui": 4000000
  },
  {
      "name": "Arginine",
      "rda": 1920000,
      "wiki": "https://en.wikipedia.org/wiki/Arginine",
      "required": true,
      "type": "Essential Amino Acids",
      "tui": 4000000
  },
  {
      "name": "Proline",
      "rda": 1920000,
      "wiki": "https://en.wikipedia.org/wiki/Proline",
      "required": true,
      "type": "Essential Amino Acids",
      "tui": 4000000
  },



  {
      "name": "Alanine",
      "rda": 1920000,
      "wiki": "https://en.wikipedia.org/wiki/Alanine",
      "required": true,
      "type": "Non Essential Amino Acids",
      "tui": 4000000
  },
  {
      "name": "Aspartic acid",
      "rda": 1920000,
      "wiki": "https://en.wikipedia.org/wiki/Aspartic_acid",
      "required": true,
      "type": "Non Essential Amino Acids",
      "tui": 4000000
  },
  {
      "name": "Cystine",
      "rda": 1920000,
      "wiki": "https://en.wikipedia.org/wiki/Cystine",
      "required": true,
      "type": "Non Essential Amino Acids",
      "tui": 4000000
  },
  {
      "name": "Glutamic acid",
      "rda": 1920000,
      "wiki": "https://en.wikipedia.org/wiki/Glutamic_acid",
      "required": true,
      "type": "Non Essential Amino Acids",
      "tui": 4000000
  },
  {
      "name": "Glycine",
      "rda": 1920000,
      "wiki": "https://en.wikipedia.org/wiki/Glycine",
      "required": true,
      "type": "Non Essential Amino Acids",
      "tui": 4000000
  },
  {
      "name": "Hydroxyproline",
      "rda": 1920000,
      "wiki": "https://en.wikipedia.org/wiki/Hydroxyproline",
      "required": true,
      "type": "Non Essential Amino Acids",
      "tui": 4000000
  },
  {
      "name": "Serine",
      "rda": 1920000,
      "wiki": "https://en.wikipedia.org/wiki/Serine",
      "required": true,
      "type": "Non Essential Amino Acids",
      "tui": 4000000
  },
  {
      "name": "Tyrosine",
      "rda": 1920000,
      "wiki": "https://en.wikipedia.org/wiki/Tyrosine",
      "required": true,
      "type": "Non Essential Amino Acids",
      "tui": 4000000
  },
  {
      "name": "Fructose",
      "rda": 1920000,
      "wiki": "https://en.wikipedia.org/wiki/Fructose",
      "required": true,
      "type": "Sugars",
      "tui": 4000000
  },
  {
      "name": "Galactose",
      "rda": 1920000,
      "wiki": "https://en.wikipedia.org/wiki/Galactose",
      "required": true,
      "type": "Sugars",
      "tui": 4000000
  },
  {
      "name": "Glucose (dextrose)",
      "rda": 1920000,
      "wiki": "https://en.wikipedia.org/wiki/Glucose",
      "required": true,
      "type": "Sugars",
      "tui": 4000000
  },
  {
      "name": "Lactose",
      "rda": 1920000,
      "wiki": "https://en.wikipedia.org/wiki/Lactose",
      "required": true,
      "type": "Sugars",
      "tui": 4000000
  },
  {
      "name": "Maltose",
      "rda": 1920000,
      "wiki": "https://en.wikipedia.org/wiki/Maltose",
      "required": true,
      "type": "Sugars",
      "tui": 4000000
  },
  {
      "name": "Starch",
      "rda": 1920000,
      "wiki": "https://en.wikipedia.org/wiki/Starch",
      "required": true,
      "type": "Sugars",
      "tui": 4000000
  },
  {
      "name": "Sucrose",
      "rda": 1920000,
      "wiki": "https://en.wikipedia.org/wiki/Sucrose",
      "required": true,
      "type": "Sugars",
      "tui": 4000000
  },
  {
      "name": "Sugars, total",
      "rda": 1920000,
      "wiki": "https://en.wikipedia.org/wiki/Sugars",
      "required": true,
      "type": "Sugars",
      "tui": 4000000
  },
  {
      "name": "Vitamin A",
      "rda": 900,
      "wiki": "https://en.wikipedia.org/wiki/Vitamin_A",
      "required": true,
      "type": "Vitamins",
      "tui": 3000
  },
  {
      "name": "Vitamin B-12",
      "rda": 2.4,
      "wiki": "https://en.wikipedia.org/wiki/Vitamin_B12",
      "required": true,
      "type": "Vitamins"
  },
  {
      "name": "Vitamin B-12, added",
      "rda": 2.4,
      "wiki": "https://en.wikipedia.org/wiki/Vitamin_B12",
      "required": true,
      "type": "Vitamins"
  },
  {
      "name": "Vitamin B-6",
      "rda": 1300,
      "required": true,
      "wiki": "https://en.wikipedia.org/wiki/Vitamin_B6",
      "type": "Vitamins",
      "tui": 35000
  },
  {
      "name": "Vitamin C",
      "rda": 90000,
      "wiki": "https://en.wikipedia.org/wiki/Vitamin_C",
      "required": true,
      "type": "Vitamins",
      "tui": 1200000
  },
  {
      "name": "Folate, DFE",
      "rda": 8000,
      "wiki": "https://en.wikipedia.org/wiki/Folate",
      "required": true,
      "type": "Vitamins",
      "tui": 45000
  },
  {
      "name": "Folic acid",
      "rda": 8000,
      "wiki": "https://en.wikipedia.org/wiki/Folate",
      "required": true,
      "type": "Vitamins",
      "tui": 45000
  },
  {
      "name": "Vitamin D (D2 + D3)",
      "rda": 1300,
      "wiki": "https://en.wikipedia.org/wiki/Vitamin_D",
      "required": true,
      "type": "Vitamins",
      "tui": 100000
  },
  {
      "name": "Vitamin D2",
      "rda": 30,
      "wiki": "https://en.wikipedia.org/wiki/Vitamin_D",
      "required": true,
      "type": "Vitamins"
  },
  {
      "name": "Vitamin D3",
      "rda": 400,
      "wiki": "https://en.wikipedia.org/wiki/Vitamin_D",
      "required": true,
      "type": "Vitamins",
      "tui": 1000
  },
  {
      "name": "Vitamin E",
      "rda": 2.4,
      "wiki": "https://en.wikipedia.org/wiki/Vitamin_E",
      "required": true,
      "type": "Vitamins"
  },
  {
      "name": "Vitamin E, added",
      "rda": 90000,
      "wiki": "https://en.wikipedia.org/wiki/Vitamin_E",
      "required": true,
      "type": "Vitamins",
      "tui": 2000000
  },
  {
      "name": "Vitamin K (phylloquinone)",
      "rda": 15000,
      "wiki": "https://en.wikipedia.org/wiki/Vitamin_K",
      "required": true,
      "type": "Vitamins",
      "tui": 1000000
  },
  {
      "name": "Vitamin K",
      "rda": 120,
      "wiki": "https://en.wikipedia.org/wiki/Vitamin_K",
      "required": true,
      "type": "Vitamins"
  },
  {
      "name": "Choline, total",
      "rda": 550000,
      "wiki": "https://en.wikipedia.org/wiki/Choline",
      "required": true,
      "type": "Vitamins",
      "tui": 3500000
  },
  {
      "name": "Dihydrophylloquinone",
      "rda": 550000,
      "wiki": "https://en.wikipedia.org/wiki/Phytomenadione",
      "required": true,
      "type": "Vitamins",
      "tui": 3500000
  },
  {
      "name": "Carotene, alpha",
      "rda": 550000,
      "wiki": "https://en.wikipedia.org/wiki/Carotene",
      "required": true,
      "type": "Vitamins",
      "tui": 3500000
  },
  {
      "name": "Carotene, beta",
      "rda": 550000,
      "wiki": "https://en.wikipedia.org/wiki/Carotene",
      "required": true,
      "type": "Vitamins",
      "tui": 3500000
  },
  {
      "name": "Betaine",
      "rda": 550000,
      "wiki": "https://en.wikipedia.org/wiki/Betaine",
      "required": true,
      "type": "Vitamins",
      "tui": 3500000
  },
  {
      "name": "Cryptoxanthin",
      "rda": 550000,
      "wiki": "https://en.wikipedia.org/wiki/Cryptoxanthin",
      "required": true,
      "type": "Vitamins",
      "tui": 3500000
  },
  {
      "name": "Menaquinone-4",
      "rda": 550000,
      "wiki": "https://en.wikipedia.org/wiki/Menaquinone",
      "required": true,
      "type": "Vitamins",
      "tui": 3500000
  },
  {
      "name": "Niacin",
      "rda": 550000,
      "wiki": "https://en.wikipedia.org/wiki/Niacin",
      "required": true,
      "type": "Vitamins",
      "tui": 3500000
  },
  {
      "name": "Pantothenic acid",
      "rda": 550000,
      "wiki": "https://en.wikipedia.org/wiki/Pantothenic_acid",
      "required": true,
      "type": "Vitamins",
      "tui": 3500000
  },
  {
      "name": "Retinol",
      "rda": 550000,
      "wiki": "https://en.wikipedia.org/wiki/Retinol",
      "required": true,
      "type": "Vitamins",
      "tui": 3500000
  },
  {
      "name": "Riboflavin",
      "rda": 550000,
      "wiki": "https://en.wikipedia.org/wiki/Riboflavin",
      "required": true,
      "type": "Vitamins",
      "tui": 3500000
  },
  {
      "name": "Folate, food",
      "rda": 50,
      "wiki": "https://en.wikipedia.org/wiki/Folate",
      "required": true,
      "type": "Vitamins",
      "tui": 2000
  },
  {
      "name": "Folate, total",
      "rda": 700000,
      "wiki": "https://en.wikipedia.org/wiki/Folate",
      "required": true,
      "type": "Vitamins",
      "tui": 4000000
  },
  {
      "name": "Thiamin",
      "rda": 550000,
      "wiki": "https://en.wikipedia.org/wiki/Thiamine",
      "required": true,
      "type": "Vitamins",
      "tui": 3500000
  },
  {
      "name": "Tocopherol, beta",
      "rda": 550000,
      "wiki": "https://en.wikipedia.org/wiki/Tocopherol",
      "required": true,
      "type": "Vitamins",
      "tui": 3500000
  },
  {
      "name": "Tocopherol, delta",
      "rda": 550000,
      "wiki": "https://en.wikipedia.org/wiki/Tocopherol",
      "required": true,
      "type": "Vitamins",
      "tui": 3500000
  },
  {
      "name": "Tocopherol, gamma",
      "rda": 550000,
      "wiki": "https://en.wikipedia.org/wiki/Tocopherol",
      "required": true,
      "type": "Vitamins",
      "tui": 3500000
  },
  {
      "name": "Tocotrienol, alpha",
      "rda": 550000,
      "wiki": "https://en.wikipedia.org/wiki/Tocotrienol",
      "required": true,
      "type": "Vitamins",
      "tui": 3500000
  },
  {
      "name": "Tocotrienol, beta",
      "rda": 550000,
      "wiki": "https://en.wikipedia.org/wiki/Tocotrienol",
      "required": true,
      "type": "Vitamins",
      "tui": 3500000
  },
  {
      "name": "Tocotrienol, delta",
      "rda": 550000,
      "wiki": "https://en.wikipedia.org/wiki/Tocotrienol",
      "required": true,
      "type": "Vitamins",
      "tui": 3500000
  },
  {
      "name": "Tocotrienol, gamma",
      "rda": 550000,
      "wiki": "https://en.wikipedia.org/wiki/Tocotrienol",
      "required": true,
      "type": "Vitamins",
      "tui": 3500000
  },

  {
      "name": "Alcohol, ethyl",
      "rda": 1920000,
      "wiki": "https://en.wikipedia.org/wiki/Alcohol",
      "required": true,
      "type": "Miscellaneous",
      "tui": 4000000
  },
  {
      "name": "Beta-sitosterol",
      "rda": 1920000,
      "wiki": "https://en.wikipedia.org/wiki/Beta-Sitosterol",
      "required": true,
      "type": "Miscellaneous",
      "tui": 4000000
  },
  {
      "name": "Campesterol",
      "rda": 1920000,
      "wiki": "https://en.wikipedia.org/wiki/Campesterol",
      "required": true,
      "type": "Miscellaneous",
      "tui": 4000000
  },
  {
      "name": "Cholesterol",
      "rda": 1920000,
      "wiki": "https://en.wikipedia.org/wiki/Cholesterol",
      "required": true,
      "type": "Essential Fatty Acids",
      "tui": 4000000
  },
  {
      "name": "Lutein + zeaxanthin",
      "rda": 1920000,
      "wiki": "https://en.wikipedia.org/wiki/Lutein",
      "required": true,
      "type": "Miscellaneous",
      "tui": 4000000
  },
  {
      "name": "Lycopene",
      "rda": 1920000,
      "wiki": "https://en.wikipedia.org/wiki/Lycopene",
      "required": true,
      "type": "Miscellaneous",
      "tui": 4000000
  },
  {
      "name": "Phytosterols",
      "rda": 1920000,
      "wiki": "https://en.wikipedia.org/wiki/Phytosterols",
      "required": true,
      "type": "Miscellaneous",
      "tui": 4000000
  },
  {
      "name": "Stigmasterol",
      "rda": 1920000,
      "wiki": "https://en.wikipedia.org/wiki/Stigmasterol",
      "required": true,
      "type": "Miscellaneous",
      "tui": 4000000
  },
  {
      "name": "Theobromine",
      "rda": 1920000,
      "wiki": "https://en.wikipedia.org/wiki/Theobromine",
      "required": true,
      "type": "Miscellaneous",
      "tui": 4000000
  },
  {
      "name": "Fatty acids, total monounsaturated",
      "rda": 250000,
      "wiki": "https://en.wikipedia.org/wiki/Alpha-Linolenic_acid",
      "required": true,
      "type": "Essential Fatty Acids"
  },
  {
      "name": "Fatty acids, total polyunsaturated",
      "rda": 10000000,
      "wiki": "https://en.wikipedia.org/wiki/Linoleic_acid",
      "required": true,
      "type": "Essential Fatty Acids"
  },
  {
      "name": "Fatty acids, total saturated",
      "rda": 10000000,
      "wiki": "https://en.wikipedia.org/wiki/Linoleic_acid",
      "required": true,
      "type": "Essential Fatty Acids"
  },
  {
      "name": "Fatty acids, total trans",
      "rda": 10000000,
      "wiki": "https://en.wikipedia.org/wiki/Linoleic_acid",
      "required": true,
      "type": "Essential Fatty Acids"
  },
  {
      "name": "Fatty acids, total trans-monoenoic",
      "rda": 10000000,
      "wiki": "https://en.wikipedia.org/wiki/Linoleic_acid",
      "required": true,
      "type": "Essential Fatty Acids"
  },
  {
      "name": "Fatty acids, total trans-polyenoic",
      "rda": 10000000,
      "wiki": "https://en.wikipedia.org/wiki/Linoleic_acid",
      "required": true,
      "type": "Essential Fatty Acids"
  },
  {
      "name": "proteins",
      "rda": 10000000,
      "wiki": "https://en.wikipedia.org/wiki/Linoleic_acid",
      "required": false,
      "type": "Essential Fatty Acids"
  }
]
